page,file,recommended_title,conditional_title,meta_description,h1,og_theme,canonical,notes
Home,index.html,Vadim Vladymtsev | Enterprise AI CTO & Product Operator,Vadim Vladymtsev | Enterprise AI CTO & Co-Founder of Century,"Enterprise AI CTO and product operator focused on governed private AI for regulated organisations, from architecture and product decisions to controlled production.",Enterprise AI products for regulated operations.,Identity + governed enterprise AI,https://vadimohka.com/,Use conditional title only after exact Century role is owner-confirmed.
Enterprise AI,enterprise.html,Enterprise AI Strategy & Architecture | Vadim Vladymtsev,,"Enterprise AI strategy, private deployment and governed architecture for regulated organisations moving from pilot to controlled production.",Private AI systems for regulated organisations.,Enterprise deployment,https://vadimohka.com/enterprise.html,Do not imply named bank clients without a personal case.
Founder Advisory,founders.html,CTO-Level Product & Engineering Support for Founders | Vadim Vladymtsev,,"CTO-level diagnosis and support for founders when product, architecture, roadmap and engineering delivery have diverged.",CTO-level clarity when product and engineering diverge.,Founder diagnostic,https://vadimohka.com/founders.html,"Do not promise fundraising, exits, growth or introductions."
AI Diligence,investors.html,AI Technical Due Diligence for Investors | Vadim Vladymtsev,,"Technical assessment of AI products, architecture, data, deployment readiness, team execution and hidden operating risk before capital is committed.",Technical diligence for AI companies.,Investor diligence,https://vadimohka.com/investors.html,Describe method and deliverables; do not imply completed mandates without evidence.
Century,century.html,Century AI Studio | Governed Enterprise AI Platform,,"Century connects AI assistants, workflows, data access, audit, observability and deployment control for private enterprise AI operations.",The operating layer for governed enterprise AI.,Century product,https://vadimohka.com/century.html,Re-check capabilities against the current product site.
Track Record,proof.html,Track Record & Selected Work | Vadim Vladymtsev,,"Verified roles, product recognition, public work and selected outcomes behind Vadim Vladymtsev’s enterprise AI profile.",Verified track record.,Evidence and outcomes,https://vadimohka.com/proof.html,Keep the physical URL in stage one; change the navigation label.
Media & Speaking,expert.html,Enterprise AI Speaker & Technical Expert | Vadim Vladymtsev,,"Verified articles, media commentary and speaking on enterprise AI deployment, governance, technical diligence and product architecture.",Enterprise AI commentary grounded in product work.,Media and speaking,https://vadimohka.com/expert.html,Every record requires a date and working source link.
About,origin.html,Biography & Career | Vadim Vladymtsev,,"Career path from software engineering, university teaching and competitive-programming coaching to R&D leadership and enterprise AI product development.",From engineering and teaching to enterprise AI products.,Biography,https://vadimohka.com/origin.html,Use exact dates and titles; remove vague MIPT wording.
Insights,writing.html,Enterprise AI Insights | Vadim Vladymtsev,,"Practical analysis on enterprise AI adoption, governance, architecture, technical diligence and engineering leadership.",Enterprise AI insights.,Insights,https://vadimohka.com/writing.html,Do not overstate a thought-leadership corpus before it exists.
Contact,contact.html,Contact Vadim Vladymtsev | Enterprise AI & Technical Diligence,,"Contact Vadim Vladymtsev about governed enterprise AI, technical diligence, CTO-level product support, executive briefings or speaking.",Start with the decision that needs to be made.,Contact routes,https://vadimohka.com/contact.html,Do not render a non-functional form.
